{
    "Profiles": [
        {
            "Tags": [
                "Dynamic"
            ],
            "Ansi 0 Color" : {
                "Red Component" : 0.20000000298023224,
                "Color Space" : "sRGB",
                "Blue Component" : 0.29019609093666077,
                "Alpha Component" : 1,
                "Green Component" : 0.24705882370471954
            },
            "Ansi 1 Color" : {
                "Red Component" : 0.85098040103912354,
                "Color Space" : "sRGB",
                "Blue Component" : 0.40784314274787903,
                "Alpha Component" : 1,
                "Green Component" : 0.32941177487373352
            },
            "Ansi 2 Color" : {
                "Red Component" : 0.54509806632995605,
                "Color Space" : "sRGB",
                "Blue Component" : 0.61176472902297974,
                "Alpha Component" : 1,
                "Green Component" : 0.83137255907058716
            },
            "Ansi 3 Color" : {
                "Red Component" : 0.92156863212585449,
                "Color Space" : "sRGB",
                "Blue Component" : 0.51372551918029785,
                "Alpha Component" : 1,
                "Green Component" : 0.74901962280273438
            },
            "Ansi 4 Color" : {
                "Red Component" : 0.32549020648002625,
                "Color Space" : "sRGB",
                "Blue Component" : 0.98823529481887817,
                "Alpha Component" : 1,
                "Green Component" : 0.60392159223556519
            },
            "Ansi 5 Color" : {
                "Red Component" : 0.7137255072593689,
                "Color Space" : "sRGB",
                "Blue Component" : 0.3960784375667572,
                "Alpha Component" : 1,
                "Green Component" : 0.17647059261798859
            },
            "Ansi 6 Color" : {
                "Red Component" : 0.43921568989753723,
                "Color Space" : "sRGB",
                "Blue Component" : 0.90980392694473267,
                "Alpha Component" : 1,
                "Green Component" : 0.88235294818878174
            },
            "Ansi 7 Color" : {
                "Red Component" : 0.44313725829124451,
                "Color Space" : "sRGB",
                "Blue Component" : 0.63137257099151611,
                "Alpha Component" : 1,
                "Green Component" : 0.54901963472366333
            },
            "Ansi 8 Color" : {
                "Red Component" : 0.25490197539329529,
                "Color Space" : "sRGB",
                "Blue Component" : 0.36862745881080627,
                "Alpha Component" : 1,
                "Green Component" : 0.31372550129890442
            },
            "Ansi 9 Color" : {
                "Red Component" : 0.85098040103912354,
                "Color Space" : "sRGB",
                "Blue Component" : 0.40784314274787903,
                "Alpha Component" : 1,
                "Green Component" : 0.32941177487373352
            },
            "Ansi 10 Color" : {
                "Red Component" : 0.54509806632995605,
                "Color Space" : "sRGB",
                "Blue Component" : 0.61176472902297974,
                "Alpha Component" : 1,
                "Green Component" : 0.83137255907058716
            },
            "Ansi 11 Color" : {
                "Red Component" : 0.9686274528503418,
                "Color Space" : "sRGB",
                "Blue Component" : 0.70196080207824707,
                "Alpha Component" : 1,
                "Green Component" : 0.85490196943283081
            },
            "Ansi 12 Color" : {
                "Red Component" : 0.36862745881080627,
                "Color Space" : "sRGB",
                "Blue Component" : 1,
                "Alpha Component" : 1,
                "Green Component" : 0.76862746477127075
            },
            "Ansi 13 Color" : {
                "Red Component" : 0.7137255072593689,
                "Color Space" : "sRGB",
                "Blue Component" : 0.3960784375667572,
                "Alpha Component" : 1,
                "Green Component" : 0.17647059261798859
            },
            "Ansi 14 Color" : {
                "Red Component" : 0.43921568989753723,
                "Color Space" : "sRGB",
                "Blue Component" : 0.90980392694473267,
                "Alpha Component" : 1,
                "Green Component" : 0.88235294818878174
            },
            "Ansi 15 Color" : {
                "Red Component" : 0.71764707565307617,
                "Color Space" : "sRGB",
                "Blue Component" : 0.82745099067687988,
                "Alpha Component" : 1,
                "Green Component" : 0.77254903316497803
            },
            "Background Color" : {
                "Red Component" : 0.094117648899555206,
                "Color Space" : "sRGB",
                "Blue Component" : 0.14117647707462311,
                "Alpha Component" : 1,
                "Green Component" : 0.11764705926179886
            },
            "Badge Color" : {
                "Red Component" : 1,
                "Color Space" : "sRGB",
                "Blue Component" : 0,
                "Alpha Component" : 0.5,
                "Green Component" : 0.1491314172744751
            },
            "Bold Color" : {
                "Red Component" : 0.97102361917495728,
                "Color Space" : "sRGB",
                "Blue Component" : 0.97102349996566772,
                "Alpha Component" : 1,
                "Green Component" : 0.97102349996566772
            },
            "Cursor Color" : {
                "Red Component" : 1,
                "Color Space" : "sRGB",
                "Blue Component" : 1,
                "Alpha Component" : 1,
                "Green Component" : 1
            },
            "Cursor Guide Color" : {
                "Red Component" : 0.70213186740875244,
                "Color Space" : "sRGB",
                "Blue Component" : 1,
                "Alpha Component" : 0.25,
                "Green Component" : 0.9268307089805603
            },
            "Cursor Text Color" : {
                "Red Component" : 0.71764707565307617,
                "Color Space" : "sRGB",
                "Blue Component" : 0.82745099067687988,
                "Alpha Component" : 1,
                "Green Component" : 0.77254903316497803
            },
            "Foreground Color" : {
                "Red Component" : 0.71764707565307617,
                "Color Space" : "sRGB",
                "Blue Component" : 0.82745099067687988,
                "Alpha Component" : 1,
                "Green Component" : 0.77254903316497803
            },
            "Link Color" : {
                "Red Component" : 0.29264676570892334,
                "Color Space" : "sRGB",
                "Blue Component" : 0.85775750875473022,
                "Alpha Component" : 1,
                "Green Component" : 0.66938728094100952
            },
            "Selection Color" : {
                "Red Component" : 0.19215686619281769,
                "Color Space" : "sRGB",
                "Blue Component" : 0.26274511218070984,
                "Alpha Component" : 1,
                "Green Component" : 0.22352941334247589
            },
            "Selected Text Color" : {
                "Red Component" : 0.70213186740875244,
                "Color Space" : "sRGB",
                "Blue Component" : 1,
                "Alpha Component" : 1,
                "Green Component" : 0.9268307089805603
            },
            "Rows": 60,
            "Default Bookmark": "No",
            "Non-ASCII Anti Aliased": true,
            "Use Bright Bold": true,
            "Ambiguous Double Width": false,
            "Jobs to Ignore": [
                "rlogin",
                "ssh",
                "slogin",
                "telnet"
            ],
            "Blinking Cursor": false,
            "Disable Window Resizing": true,