{
    "Profiles": [
        {
            "Tags": [
                "Dynamic"
            ],
            "Ansi 0 Color" : {
                "Red Component" : 0.15686275,
                "Color Space" : "sRGB",
                "Blue Component" : 0.20392157,
                "Green Component" : 0.17254902
            },
            "Ansi 1 Color" : {
                "Red Component" : 0.87843139999999997,
                "Color Space" : "sRGB",
                "Blue Component" : 0.45882352999999998,
                "Green Component" : 0.42352941999999999
            },
            "Ansi 2 Color" : {
                "Red Component" : 0.59607845999999998,
                "Color Space" : "sRGB",
                "Blue Component" : 0.47450979999999998,
                "Green Component" : 0.76470590000000005
            },
            "Ansi 3 Color" : {
                "Red Component" : 0.89803920000000004,
                "Color Space" : "sRGB",
                "Blue Component" : 0.48235294000000001,
                "Green Component" : 0.75294119999999998
            },
            "Ansi 4 Color" : {
                "Red Component" : 0.38039215999999998,
                "Color Space" : "sRGB",
                "Blue Component" : 0.9372549,
                "Green Component" : 0.68627450000000001
            },
            "Ansi 5 Color" : {
                "Red Component" : 0.77647060000000001,
                "Color Space" : "sRGB",
                "Blue Component" : 0.86666670000000001,
                "Green Component" : 0.47058823999999999
            },
            "Ansi 6 Color" : {
                "Red Component" : 0.33725490000000002,
                "Color Space" : "sRGB",
                "Blue Component" : 0.76078429999999997,
                "Green Component" : 0.71372550000000001
            },
            "Ansi 7 Color" : {
                "Red Component" : 0.67058825,
                "Color Space" : "sRGB",
                "Blue Component" : 0.74901960000000001,
                "Green Component" : 0.69803923000000001
            },
            "Ansi 8 Color" : {
                "Red Component" : 0.32941176999999999,
                "Color Space" : "sRGB",
                "Blue Component" : 0.38431373000000002,
                "Green Component" : 0.34509804999999999
            },
            "Ansi 9 Color" : {
                "Red Component" : 0.87843139999999997,
                "Color Space" : "sRGB",
                "Blue Component" : 0.45882352999999998,
                "Green Component" : 0.42352941999999999
            },
            "Ansi 10 Color" : {
                "Red Component" : 0.59607845999999998,
                "Color Space" : "sRGB",
                "Blue Component" : 0.47450979999999998,
                "Green Component" : 0.76470590000000005
            },
            "Ansi 11 Color" : {
                "Red Component" : 0.89803920000000004,
                "Color Space" : "sRGB",
                "Blue Component" : 0.48235294000000001,
                "Green Component" : 0.75294119999999998
            },
            "Ansi 12 Color" : {
                "Red Component" : 0.38039215999999998,
                "Color Space" : "sRGB",
                "Blue Component" : 0.9372549,
                "Green Component" : 0.68627450000000001
            },
            "Ansi 13 Color" : {
                "Red Component" : 0.77647060000000001,
                "Color Space" : "sRGB",
                "Blue Component" : 0.86666670000000001,
                "Green Component" : 0.47058823999999999
            },
            "Ansi 14 Color" : {
                "Red Component" : 0.33725490000000002,
                "Color Space" : "sRGB",
                "Blue Component" : 0.76078429999999997,
                "Green Component" : 0.71372550000000001
            },
            "Ansi 15 Color" : {
                "Red Component" : 0.78431373999999998,
                "Color Space" : "sRGB",
                "Blue Component" : 0.83137256000000004,
                "Green Component" : 0.80000000000000004
            },
            "Background Color" : {
                "Red Component" : 0.15686275,
                "Color Space" : "sRGB",
                "Blue Component" : 0.20392157,
                "Green Component" : 0.17254902
            },
            "Badge Color" : {
                "Red Component" : 1,
                "Color Space" : "sRGB",
                "Blue Component" : 0,
                "Alpha Component" : 0.5,
                "Green Component" : 0.1491314172744751
            },
            "Bold Color" : {
                "Red Component" : 0.67058825,
                "Color Space" : "sRGB",
                "Blue Component" : 0.74901960000000001,
                "Green Component" : 0.69803923000000001
            },
            "Cursor Color" : {
                "Red Component" : 0.67058825,
                "Color Space" : "sRGB",
                "Blue Component" : 0.74901960000000001,
                "Green Component" : 0.69803923000000001
            },
            "Cursor Guide Color" : {
                "Red Component" : 0.70213186740875244,
                "Color Space" : "sRGB",
                "Blue Component" : 1,
                "Alpha Component" : 0.25,
                "Green Component" : 0.9268307089805603
            },
            "Cursor Text Color" : {
                "Red Component" : 0.15686275,
                "Color Space" : "sRGB",
                "Blue Component" : 0.20392157,
                "Green Component" : 0.17254902
            },
            "Foreground Color" : {
                "Red Component" : 0.67058825,
                "Color Space" : "sRGB",
                "Blue Component" : 0.74901960000000001,
                "Green Component" : 0.69803923000000001
            },
            "Link Color" : {
                "Red Component" : 0,
                "Color Space" : "sRGB",
                "Blue Component" : 0.73423302173614502,
                "Alpha Component" : 1,
                "Green Component" : 0.35916060209274292
            },
            "Selection Color" : {
                "Red Component" : 0.24313725999999999,
                "Color Space" : "sRGB",
                "Blue Component" : 0.31764706999999998,
                "Green Component" : 0.26666667999999999
            },
            "Selected Text Color" : {
                "Red Component" : 0.67058825,
                "Color Space" : "sRGB",
                "Blue Component" : 0.74901960000000001,
                "Green Component" : 0.69803923000000001
            },
            "Rows": 60,
            "Default Bookmark": "No",
            "Non-ASCII Anti Aliased": true,
            "Use Bright Bold": true,
            "Ambiguous Double Width": false,
            "Jobs to Ignore": [
                "rlogin",
                "ssh",
                "slogin",
                "telnet"
            ],
            "Blinking Cursor": false,
            "Disable Window Resizing": true,
            "Sync Title": false,
            "Prompt Before Closing 2": false,
            "BM Growl": true,
            "Command": "/usr/local/bin/tmux new-session -A -s tmux",
            "Description": "Default",
            "Smart Cursor Color" : true,
            "Mouse Reporting": true,
            "Screen": -1,
            "Columns": 160,
            "Idle Code": 0,
            "Custom Command": "Yes",
            "ASCII Anti Aliased": true,
            "Non Ascii Font": "Monaco 12",
            "Vertical Spacing": 1,
            "Use Bold Font": true,
            "Option Key Sends": 2,
            "Character Encoding": 4,
            "Thin Strokes": 0,
            "Use Italic Font": true,
            "Unlimited Scrollback": false,
            "Keyboard Map": {
                "0xf704-0x20000": {
                    "Action": 10,
                    "Text": "[1;2P"
                },
                "0xf700-0x260000": {
                    "Action": 10,